time,x,y,z
23.6462499,-0.545877993106842,-0.3567360639572143,9.6989107131958
23.6487499,-0.5171475410461426,-0.2849099934101105,9.804255485534668
23.651249900000003,-0.4596867263317108,-0.272938996553421,9.892841339111328
23.6537499,-0.3351882398128509,-0.272938996553421,9.959878921508787
23.6562499,-0.3160346150398254,-0.2873041927814483,9.888052940368652
23.6587499,-0.4333505034446716,-0.3758896589279175,9.732429504394531
23.6612499,-0.4932055473327636,-0.3280056416988373,9.691728591918944
23.663749900000003,-0.5363011956214905,-0.3280056416988373,9.75637149810791
23.6662499,-0.4692635238170624,-0.2801215946674347,9.87608242034912
23.6687499,-0.3447650372982025,-0.2298433631658554,9.93593692779541
23.671249900000003,-0.3256114423274994,-0.2920926213264465,9.859322547912598
23.6737499,-0.4812345504760742,-0.3471592366695404,9.715670585632324
23.6762499,-0.524330198764801,-0.3519476354122162,9.658209800720217
23.678749900000003,-0.5602431893348694,-0.3208230137825012,9.75397777557373
23.6812499,-0.4405331015586853,-0.2849099934101105,9.890447616577148
23.6837499,-0.3184288144111633,-0.2849099934101105,9.95748519897461
23.6862499,-0.3184288144111633,-0.2849099934101105,9.95748519897461
23.6887499,-0.2896983921527862,-0.2992752194404602,9.92396640777588
23.691249900000003,-0.4357447028160095,-0.3806780576705932,9.78749656677246
23.6937499,-0.5171475410461426,-0.3232172429561615,9.74679470062256
23.6962499,-0.5219359993934631,-0.2825157940387726,9.797073364257812
23.698749900000003,-0.4405331015586853,-0.237025961279869,9.864110946655272
23.7012499,0.0407014302909374,-1.2497732639312744,9.670180320739746
23.7037499,0.0,-0.1364694982767105,10.582371711730955
23.706249900000003,0.2585737705230713,-0.2226607650518417,8.911218643188477
23.7087499,-0.5386953949928284,-0.1699883192777633,9.72285270690918
23.7112499,-0.9888052940368652,0.1364694982767105,9.035717010498049
23.713749900000003,-1.0055646896362305,-0.1268926858901977,9.370905876159668
23.7162499,-0.2178723514080047,-3.399766445159912,8.367734909057617
23.7187499,-0.7398083209991455,-1.012747287750244,11.441889762878418
23.7212499,0.9265560507774352,-1.984793186187744,8.164227485656738
23.7237499,-0.507570743560791,-0.8858546018600464,10.984597206115724
23.726249900000003,-0.3519476354122162,1.1899182796478271,6.524199485778809
23.7287499,-0.849941611289978,0.8427590131759644,8.149862289428711
23.7312499,-1.192312479019165,-0.0454898327589035,4.527435302734375
23.733749900000003,-2.5067291259765625,-1.113303780555725,8.798690795898438
23.7362499,-1.1228805780410769,-0.4740519225597381,6.423643112182617
23.7387499,-1.2114660739898682,-1.5849615335464478,9.502586364746094
23.741249900000003,0.5339069962501526,0.7398083209991455,7.062894821166992
23.7437499,1.2473790645599363,-0.0167594123631715,7.275979042053223
23.7462499,0.5099649429321289,1.1779472827911377,7.022193431854248
23.7487499,-0.4477157294750213,1.1228805780410769,5.394136428833008
23.7512499,-1.9919757843017576,-0.2801215946674347,8.202534675598145
23.753749900000003,-1.944091796875,1.036689281463623,10.067618370056152
23.7562499,-2.094926595687866,-0.5554547905921936,12.394782066345217
23.7587499,-2.8395233154296875,-1.1659762859344482,14.137761116027832
23.761249900000003,-3.071760892868042,-0.2346317619085312,16.77617073059082
23.7637499,-2.9903578758239746,-2.403778553009033,15.976508140563965
23.7662499,-1.3072341680526731,-0.5315127968788147,16.261417388916016
23.768749900000003,0.9840168952941896,-1.4724340438842771,14.00607967376709
23.7712499,4.920084476470947,3.0190882682800293,9.457097053527832
23.7737499,2.896984100341797,1.338358759880066,4.819528102874756
23.776249900000003,3.734954595565796,3.5266590118408203,5.224148273468018
23.7787499,0.6512228846549988,4.077325344085693,7.60637903213501
23.7812499,-0.4261679053306579,1.915361404418945,11.626243591308594
23.7837499,-1.1444283723831177,3.969586372375488,14.200010299682615
23.7862499,0.5506663918495178,1.5298948287963867,11.884817123413086
23.788749900000003,0.3208230137825012,-1.8794482946395876,10.69489860534668
23.7912499,1.556231141090393,-1.2066776752471924,9.01895809173584
23.7937499,2.205059766769409,-4.3191399574279785,9.165003776550291
23.796249900000003,0.395043283700943,-0.7996633648872375,9.651026725769045
23.7987499,0.0837970599532127,-0.3687070608139038,8.523358345031738
23.8012499,-1.3862427473068235,2.0614075660705566,6.078877925872803
23.803749900000003,-2.126051187515259,3.0310592651367188,4.702212333679199
23.8062499,-2.300827741622925,3.0166940689086914,4.6734819412231445
23.8087499,-1.781286120414734,3.296815633773804,4.663905143737793
23.8112499,-2.4803929328918457,1.2641384601593018,6.782773494720459
23.8137499,-1.9273324012756348,-0.5291185975074768,8.7484130859375
23.816249900000003,-2.298433542251587,-1.295263171195984,10.917559623718262
23.8187499,-1.8100165128707888,-2.9472622871398926,12.543222427368164
23.8212499,-0.9983820915222168,-2.23857855796814,12.966996192932127
23.823749900000003,-0.2513911724090576,-1.7836803197860718,12.696451187133787
23.8262499,0.1484405100345611,-1.623268723487854,11.63103199005127
23.8287499,0.5051765441894531,-0.8906430602073669,10.773907661437988
23.831249900000003,0.5339069962501526,-0.6584054827690125,10.144232749938965
23.8337499,0.5506663918495178,-0.454898327589035,9.368511199951172
23.8362499,0.4740519225597381,-0.3758896589279175,9.138668060302734
23.838749900000003,0.2657563984394073,-0.3280056416988373,9.162610054016112
23.8412499,-0.0215478148311376,-0.3495534360408783,9.191340446472168
23.8437499,-0.3495534360408783,-0.2466027736663818,9.3828763961792
23.8462499,-0.667982280254364,-0.1484405100345611,9.593565940856934
23.8487499,-0.8523358106613159,-0.0287304203957319,9.765948295593262
23.851249900000003,-0.9050082564353944,0.0,9.916783332824709
23.8537499,-0.8355764150619507,-0.0526724383234977,9.988609313964844
23.8562499,-0.6703764796257019,-0.1604115068912506,10.017339706420898
23.858749900000003,-0.4525041282176971,-0.3208230137825012,10.02691650390625
23.8612499,-0.2753331959247589,-0.363918662071228,9.945513725280762
23.8637499,-0.1436520963907241,-0.4429273009300232,9.9000244140625
23.866249900000003,-0.1556231081485748,-0.4501099288463592,9.84495735168457
23.8687499,-0.181959331035614,-0.4141969084739685,9.792284965515137
23.8712499,-0.3136404156684875,-0.4094084799289703,9.763554573059082
23.8737499,-0.4165911078453064,-0.3782838582992553,9.739612579345703
23.8762499,-0.5051765441894531,-0.3495534360408783,9.727641105651855
23.878749900000003,-0.5506663918495178,-0.3447650372982025,9.74679470062256
23.8812499,-0.5386953949928284,-0.2777273952960968,9.75397777557373
23.8837499,-0.5195417404174805,-0.3088520169258117,9.81143856048584
23.886249900000003,-0.4620809257030487,-0.2801215946674347,9.837775230407717
23.8887499,-0.4213795065879822,-0.272938996553421,9.86650562286377
23.8912499,-0.4118026793003082,-0.3232172429561615,9.90241813659668
23.893749900000003,-0.4261679053306579,-0.2896983921527862,9.854534149169922
23.8962499,-0.4094084799289703,-0.3136404156684875,9.84256362915039
